target,feature,gain,shap_mean_abs,permutation,permutation_std,gain_share,shap_share
csat_top2,was_resolved,271386.64210033417,1.162991284137569,0.2175506723940708,0.0017933255669744749,0.8464548286436699,0.747678158589932
csat_top2,tenure_days,2853.9586436748505,0.02973711429521047,0.0011147948290675485,0.0011344628970956794,0.008901495873163839,0.019117762240590704
csat_top2,agent_tenure_days,2312.630457878113,0.01745721210687288,0.0008579061491384247,0.00039127006988305224,0.007213093477222914,0.011223107498917964
csat_top2,days_since_last_contact,3253.5079503059387,0.029841624696039036,0.0004828096034644365,0.0001996489844028834,0.010147690001444033,0.019184951174085543
csat_top2,contact_reason,2410.9327387809753,0.02049897611950927,0.00048250686861965136,0.0001128439256722547,0.007519698252214572,0.013178634205654727
csat_top2,n_blocked_products,149.9416801929474,0.003103565950219318,0.00043088452287920465,0.00016427005141459299,0.0004676680408144118,0.001995258697439995
csat_top2,agent_type,186.67895126342773,0.004881459882054747,0.0002889099535829572,0.00012102066092529057,0.0005822515746543082,0.003138253042499667
csat_top2,prior_escalations_90d,78.34848022460938,0.0009789882093118494,0.0002465634034881277,5.4051654622548634e-05,0.00024436887862187097,0.0006293839959104584
csat_top2,detected_sentiment,97.75804996490479,0.002907112992155956,0.00020444693187534244,0.0001870905592614475,0.0003049073189128822,0.001868960600508612
csat_top2,gender,643.6028687953949,0.0056581025057362835,0.0001984406725539234,0.0004908085646785779,0.0020073970914875386,0.0036375506165027896
csat_top2,credit_score,3389.074662208557,0.018865505050568533,0.00016753749959360262,0.0007580811023082064,0.010570522521885081,0.012128488209211412
csat_top2,prior_unresolved_90d,226.44684028625488,0.004333839992454334,0.00016405403064578827,0.0001883069469896302,0.0007062876046807699,0.00278619242411998
csat_top2,channel,75.02888011932373,0.001669259751564117,7.140505873385698e-05,9.58214738475624e-05,0.0002340150472153634,0.001073154265453733
csat_top2,customer_status,70.89884042739868,0.0014015668397520588,6.937068057666362e-05,3.0471465611744574e-05,0.00022113345506084788,0.0009010565497604987
csat_top2,n_credit_cards,255.78770995140076,0.002225930988414488,6.577822708460819e-05,3.54714977924611e-05,0.0007978017654827053,0.0014310339254177472
csat_top2,hour_of_day,1193.5329492092133,0.0073932986622730745,5.946519645375995e-05,0.0005761876103488464,0.003722628793313828,0.004753094889969839
csat_top2,n_loans,84.0051896572113,0.0013424362175934188,5.6005946293476626e-05,0.00011987770251263601,0.0002620121530896315,0.0008630419272135774
csat_top2,prior_contacts_30d,42.184789419174194,0.0009040713920935749,1.1128532895939477e-05,2.851742612959898e-05,0.0001315743414002484,0.0005812205498819565
csat_top2,work_shift,109.6041305065155,0.00311612942988809,1.1112387037548466e-05,7.14470853806e-05,0.00034185523940500825,0.0020033356619644496
csat_top2,was_escalated,123.81944036483765,0.003422242207212798,3.011202589756993e-06,0.000294686934681329,0.00038619278519252037,0.002200133213926081
csat_top2,prior_complaints_90d,12.362499713897705,0.00036649061426062123,1.2351581668568201e-06,1.7534973664083853e-05,3.8558631684848925e-05,0.00023561399930359343
csat_top2,same_reason_as_last,274.2462191581726,0.0050309267998689036,5.529956498643666e-07,0.00030542222049147557,0.0008553738483483728,0.0032343441752584762
csat_top2,interaction_type,45.31481981277466,0.0008524077593497948,-6.0546968967030894e-06,6.805383283466723e-05,0.00014133690495149733,0.0005480063974435047
csat_top2,accepts_marketing,272.15396904945374,0.0027493451376563796,-1.628713465192296e-05,0.00012354489836891518,0.0008488481210924212,0.0017675328593502577
csat_top2,prior_contacts_90d,19.714069843292236,0.0002465876224643417,-3.735344338751112e-05,1.89475380234112e-05,6.148817599100514e-05,0.00015852928737288772
csat_top2,n_products,534.331380367279,0.007933033733195595,-5.951767049368802e-05,0.000712053334531112,0.0016665793625925995,0.005100086419019012
csat_top2,accent_match,185.54239010810852,0.0025635775759244596,-6.166103319512246e-05,8.604369958150659e-05,0.0005787066408634509,0.0016481043215994676
csat_top2,duration_seconds,3501.1005640029907,0.020532891083114412,-0.00017341862851257459,0.000634980304927533,0.010919931264972746,0.013200437875108486
csat_top2,country,341.8409798145294,0.010225424593567406,-0.0002026184134126622,6.427678494006068e-05,0.0010662018799190392,0.006573846885351486
csat_top2,segment,104.91384935379028,0.0023104095860546348,-0.0002319029640693119,7.922496912728148e-05,0.00032722625435734743,0.0014853445665939482
csat_top2,customer_accent,56.90313911437988,0.004151637029531079,-0.00023197965689654895,0.0001597433449623344,0.00017748086823868783,0.0026690555395481306
csat_top2,experience_level,47.82933068275452,0.0032072561222396254,-0.00026665288779122626,0.00017289956633494664,0.000149179663353676,0.002061920312137742
csat_top2,document_type,127.57716989517212,0.006921393570711298,-0.00029554186491716666,0.00038547716725053765,0.0003979131421012903,0.004449710733355312
csat_top2,agent_accent,571.1286797523499,0.005897149636044914,-0.0003092577716202379,0.00024036996919779747,0.0017813501247218,0.0037912321794200078
csat_top2,customer_age,2225.6683592796326,0.014802303932336038,-0.0003116231398745395,0.0004226348421087875,0.006941858726322919,0.009516287437377195
csat_top2,wait_time_seconds,3176.022048473358,0.01631531513389631,-0.00033105871691259853,0.0005652011327509751,0.009906011504483418,0.010488990710856511
csat_top2,day_of_week,561.7732992172241,0.004924366406409762,-0.00035272645887333515,0.0006882764364343402,0.0017521706965580937,0.003165837317256327
csat_top2,max_days_past_due,422.73013257980347,0.003604430220250184,-0.0003709470600674984,0.0002012671377122242,0.001318495115183537,0.0023172604873312
csat_top2,sentiment_score,2863.8761761188507,0.015677308335758523,-0.0006464801699736326,0.0003878415832414696,0.008932428652907474,0.010078821043632166
csat_top2,estimated_monthly_income,3011.2447288036346,0.014608901220925443,-0.0006631225135101207,0.0003568867823410739,0.009392071110048554,0.009391950320576698
csat_top2,agent_specialty,1161.5307092666626,0.016822914092247964,-0.0008549232018008427,0.00011642065533327079,0.0036228138196764356,0.010815322180110788
csat_top2,requires_followup,12153.432982444763,0.07299666149807818,-0.001807581320906489,0.0003172449189182228,0.03790655263269843,0.04692899267303512
fcr,contact_reason,665265.7862606049,0.929872121318796,0.2572349247701378,0.005814161406174378,0.9237791248262719,0.8673566108681048
fcr,agent_tenure_days,4562.110010623932,0.011364868630429055,0.0010331758193611689,0.0004428007044540428,0.006334884613056664,0.010600805973481476
fcr,work_shift,492.0969195365906,0.0027056865715731388,0.0002603094743927059,0.00027881783053550766,0.0006833191651331061,0.0025237826589129962
fcr,prior_complaints_90d,116.74846887588501,0.00036250100824373544,0.00015049840912488102,6.17122992725462e-05,0.00016211535393874027,0.0003381299844763953
fcr,customer_status,178.6221809387207,0.0016765316454784203,0.00014547080103033405,8.248757407347998e-05,0.00024803235847979254,0.0015638180484139393
fcr,document_type,253.68803882598877,0.001581651025571418,0.00011554545987972158,8.851897055400723e-05,0.000352267799314968,0.001475316273779717
fcr,channel,288.03720903396606,0.0012336325899176155,8.732111828121021e-05,5.6627904371909864e-05,0.0003999645951649261,0.0011506951953026113
fcr,accent_match,344.73444080352783,0.00112033640829891,8.475783917779219e-05,0.00010701519616814929,0.00047869360878000615,0.0010450159412846197
fcr,n_loans,207.07744073867798,0.0008032164270890453,8.448454839097656e-05,4.533534243237559e-05,0.0002875449495938823,0.000749216007256438
fcr,experience_level,182.54785108566284,0.0014624856425385158,8.210503378214273e-05,3.2167519135910867e-05,0.00025348349125648735,0.0013641624060697912
fcr,gender,1180.1017599105835,0.0032410097419199417,7.703973040669905e-05,8.24616631172461e-05,0.0016386734347241716,0.0030231159329256138
fcr,interaction_type,241.02800035476685,0.0013532540297220275,7.125821669366299e-05,0.0001059038370677682,0.00033468824013614836,0.0012622744589854149
fcr,prior_unresolved_90d,1025.523835659027,0.005243300898289094,6.850174927541808e-05,0.00020133255994572843,0.0014240286077517727,0.004890792607538078
fcr,segment,146.07629108428955,0.0017885763993953261,6.54154481490495e-05,4.0319577261837674e-05,0.0002028395734796615,0.0016683300084940934
fcr,prior_contacts_30d,69.20566940307617,0.0002760928397046512,6.165534387595854e-05,2.1081050053795954e-05,9.609806190926882e-05,0.0002575310564118712
fcr,n_blocked_products,196.5143904685974,0.0007839350277978544,5.029492858480792e-05,8.847838150312515e-05,0.0002728772400325064,0.0007312309007470792
fcr,hour_of_day,2508.8835496902466,0.004903695590664858,2.8704956430406863e-05,0.0002420197591475837,0.003483801959591517,0.004574019040613608
fcr,wait_time_seconds,5221.899431705475,0.007378594673921723,2.5406619348800064e-05,0.00025793466958502125,0.007251059330837177,0.006882530105608006
fcr,agent_accent,760.3636693954468,0.0024573368107915013,1.1285024729246196e-05,0.0001562331525431071,0.0010558307665451832,0.002292129508030311
fcr,country,418.66012811660767,0.0010607891850283235,1.6491685402482878e-07,8.728149207252036e-05,0.0005813458240879881,0.0009894720911374283
fcr,n_credit_cards,453.00285959243774,0.0010353670747606878,-9.197648547676351e-06,9.264763236946132e-05,0.0006290336792010696,0.0009657591150224124
fcr,same_reason_as_last,3109.603859901428,0.016011625533636324,-2.594848901227298e-05,0.00013079338264908059,0.004317954104332758,0.014935160371995647
fcr,agent_type,446.2248296737671,0.002615502938269816,-5.2839360047777596e-05,0.00019051442033216098,0.0006196217980016612,0.002439662091423776
fcr,accepts_marketing,331.5225887298584,0.0010027066278958448,-5.4088016228785264e-05,1.0886882344938137e-05,0.00046034780865318657,0.0009352944372966717
fcr,prior_escalations_90d,238.04923152923584,0.0026489910235949652,-6.244223286548205e-05,6.0798629470464396e-05,0.0003305519618011749,0.0024708987652912414
fcr,n_products,1032.7693786621094,0.002803375876138275,-7.248331332395293e-05,0.00020556193536892358,0.0014340896713334439,0.0026149042897083232
fcr,max_days_past_due,773.0064301490784,0.0017048512419189433,-7.670518478845405e-05,7.528886060708413e-05,0.0010733863341176944,0.001590233712059138
fcr,agent_specialty,2793.06192111969,0.008159669781353789,-0.00010235211155329438,0.00018523417984948198,0.00387840822474944,0.007611093359074398
fcr,customer_accent,231.35284757614136,0.0026678027657018196,-0.00011740195246575287,0.00013572439700087086,0.0003212534530916543,0.002488445789773689
fcr,prior_contacts_90d,183.3678684234619,0.0009612181535391796,-0.00013821445945076208,8.327501107671701e-05,0.0002546221563048018,0.0008965952423395748
fcr,customer_age,3918.1656198501587,0.007449370701046918,-0.0002002467561362057,0.0004515054304476962,0.005440712091289917,0.0069485478446181335
fcr,days_since_last_contact,5380.3982462883,0.013707966705561852,-0.0002418246510051958,0.0001117235523989646,0.0074711486533985015,0.012786377041572473
fcr,day_of_week,1354.1598167419434,0.002721848056821862,-0.0002462349988743284,0.00019768028410772117,0.0018803681118432626,0.002538857603897955
fcr,tenure_days,4245.927935361862,0.008026642349818895,-0.0003860185243940162,0.00023189254948044176,0.005895838435117594,0.007487009391480066
fcr,credit_score,6083.543428182602,0.00820340965732395,-0.00041735272666957685,0.00017675348217611062,0.008447526597629169,0.00765189259341155
fcr,estimated_monthly_income,5922.902755022049,0.011685937470235738,-0.0004742726008783264,0.0003132297242617418,0.008224463119048854,0.010900289283460832
escalated,agent_tenure_days,234.60910081863403,0.0010059140052761414,0.0052187926809521374,0.0025937320121640554,0.1073875626119432,0.06187851320751687
escalated,customer_age,157.80417919158936,0.0009041320356955897,0.0022071866168738206,0.00018624640732764199,0.07223166584003692,0.05561742437095345
escalated,days_since_last_contact,215.0744595527649,0.001312429252853831,0.0021674563803726157,0.001094193055321173,0.09844597635326659,0.08073371126227967
escalated,experience_level,17.541179656982422,0.00010430783855988282,0.0014892048191745648,0.000258827918975742,0.008029119595653509,0.006416466946598874
escalated,prior_unresolved_90d,14.74683952331543,0.00015270132434665437,0.0011266016563695562,0.0019158243640129745,0.006750067014077798,0.009393378425818685
escalated,hour_of_day,151.9444580078125,0.0002915008283825472,0.0009458717834096205,0.0008709971391755801,0.06954949718879683,0.017931590339195946
escalated,agent_accent,28.929419994354248,6.335802771491905e-05,0.0006961402016901763,0.0005101997839896489,0.013241855879122695,0.0038974510089295265
escalated,channel,14.786119937896729,9.904262011265024e-05,0.0005953701715558276,0.00024905393819111453,0.0067680468280132055,0.006092578535145547
escalated,n_loans,15.80238962173462,0.00013086468046199454,0.00041137806021764495,0.0006220478798277734,0.007233223685700958,0.008050103503770223
escalated,n_credit_cards,30.661949634552002,0.00020550756280936816,0.000402039377821406,0.0004385903363414869,0.014034886220079555,0.012641739127643603
escalated,customer_accent,7.939730167388916,3.752192783425699e-05,0.00011876601180332846,2.0566422171885164e-05,0.0036342506215542797,0.002308150691694754
escalated,prior_complaints_90d,10.494199752807617,2.8342294353459146e-05,2.9108126989048817e-05,5.4944739659376283e-05,0.0048035073195564545,0.001743468155610786
escalated,accepts_marketing,0.0,0.0,0.0,0.0,0.0,0.0
escalated,prior_escalations_90d,0.0,0.0,0.0,0.0,0.0,0.0
escalated,prior_contacts_30d,0.0,0.0,0.0,0.0,0.0,0.0
escalated,country,0.0,0.0,0.0,0.0,0.0,0.0
escalated,prior_contacts_90d,0.0,0.0,0.0,0.0,0.0,0.0
escalated,n_blocked_products,0.0,0.0,0.0,0.0,0.0,0.0
escalated,same_reason_as_last,32.284640312194824,9.426389084440869e-05,-0.00014145700321277488,0.00023642205056859496,0.014777640001314561,0.005798616366819978
escalated,agent_type,7.17818021774292,6.837093747121896e-05,-0.0002494282262193355,0.00021491593508629015,0.003285666561454442,0.0042058187232036125
escalated,gender,48.87381935119629,0.000247137425598502,-0.00038324067082893637,0.0005239541007980477,0.02237100060205563,0.015202588266748071
escalated,credit_score,193.00482940673828,0.0009236263390904363,-0.0004677975162334184,0.0025062426252179014,0.08834405029473313,0.0568166108856677
escalated,max_days_past_due,34.8965802192688,0.00011579900606678255,-0.0005176644934465532,0.00030168511871141076,0.01597320257467941,0.0071233428391860205
escalated,accent_match,34.442830085754395,0.0001477409751886948,-0.0007226394713780911,0.00029927642659747345,0.015765507644248625,0.009088243961764338
escalated,document_type,14.848589897155762,0.00028630542651865865,-0.0007499648014279714,0.0009344261119975678,0.006796641186194055,0.017611996674959475
escalated,interaction_type,15.034060001373291,0.00014139705637897153,-0.0007685861621280673,0.0007137916524642572,0.0068815363686904095,0.008697999605093798
escalated,n_products,48.733829975128174,0.00020104089310192194,-0.0007696829089361793,0.0006327552368928856,0.022306923301409296,0.01236697321421947
escalated,day_of_week,77.29208898544312,0.00041670514889306825,-0.000781891801064342,0.00044548402900120444,0.03537888775997945,0.025633498414550395
escalated,agent_specialty,71.68937969207764,0.0008932042226553618,-0.0008192138615953174,0.0013294342354720121,0.03281436109439661,0.05494520306774832
escalated,work_shift,17.051179885864258,0.00027518117747300487,-0.0010233067750726559,0.00037575798998795473,0.0078048321280438536,0.01692769166689248
escalated,contact_reason,15.7643404006958,6.68164372051253e-05,-0.001207331555464745,0.00036980045380071325,0.007215807425665076,0.004110194082586187
escalated,tenure_days,135.01916980743408,0.002075421374926872,-0.002295430398356779,0.0020602416228184175,0.06180228942916093,0.12766895409147883
escalated,estimated_monthly_income,296.2457900047302,0.002959909305090663,-0.002471791952114851,0.0006719117026964065,0.13560050829933856,0.18207797691197808
escalated,segment,18.902520179748535,0.00065006514733301,-0.0025655334686615996,0.001520239106912971,0.008652245638567485,0.039988572178145144
escalated,wait_time_seconds,178.64022207260132,0.0011953522901925996,-0.004463712839091231,0.001996575511312957,0.08176894232105264,0.0735317552875836
escalated,customer_status,44.459200382232666,0.001162313575699387,-0.006084405933043657,0.004329850580726226,0.020350298211213855,0.07149938818621651
cycle_time,contact_reason,1526632.3317217827,96.85454716706349,63.594887444744835,0.37178273103265347,0.9590019030485983,0.9249918991980112
cycle_time,same_reason_as_last,11018.01544380188,0.9753044220718406,0.022153708027957464,0.010922385107383054,0.006921311411312674,0.009314469129800822
cycle_time,prior_unresolved_90d,1770.8910975456238,0.6698626429305251,0.010517543077549854,0.011942281145161035,0.001112440695345875,0.006397402459766119
cycle_time,segment,429.5313000679016,0.07750502461988801,0.007598254220023175,0.0008267114789919464,0.00026982353617486843,0.0007401977709614273
cycle_time,agent_type,812.5190505981445,0.11944717711113267,0.006575033837094679,0.005420654342014214,0.0005104092842760949,0.001140758740209571
cycle_time,n_products,822.8289799690247,0.11202247427139486,0.005220553928684997,0.001099692398166661,0.0005168857892481988,0.0010698504536955289
cycle_time,agent_tenure_days,4287.196223974228,0.504997843155638,0.004829613796095107,0.0027848004367600158,0.0026931365542986066,0.004822890898717475
cycle_time,estimated_monthly_income,5545.220034360886,0.5193846074153857,0.003893913009079597,0.005707798722255464,0.0034834036036546136,0.004960289098236016
cycle_time,prior_contacts_90d,338.7466893196106,0.08250250060155445,0.0038374737715211418,0.002691608648730389,0.0002127943401686857,0.0007879252647620495
cycle_time,customer_accent,536.0127398967743,0.14587924294394886,0.002628271454833945,0.0032780968616833647,0.00033671318688734505,0.0013931934217971157
cycle_time,prior_complaints_90d,117.84117078781128,0.013418080750423434,0.001707246867335736,0.0011940596754856784,7.402562142485866e-05,0.00012814696222282438
cycle_time,customer_status,359.8270001411438,0.058117815338361904,0.001664723682840948,0.0021143265843119883,0.00022603659750507137,0.0005550437223597064
cycle_time,max_days_past_due,922.6566319465637,0.1630529510755743,0.0012225917254037693,0.0023829399221913967,0.0005795956547698862,0.0015572078265471965
cycle_time,day_of_week,1279.9619030952454,0.134582653717476,0.00045285219357538153,0.0015608364973038566,0.0008040481492447169,0.0012853073820737447
cycle_time,hour_of_day,2324.931923389435,0.3212568573638599,0.00012041263869851566,0.005140521902219836,0.0014604787889394948,0.003068105724667866
cycle_time,agent_accent,704.3325185775757,0.1447207225430391,0.00010525016422491262,0.005031765204258188,0.00044244852651136187,0.0013821291814775701
cycle_time,channel,15.675090312957764,0.0010740592469061785,-0.00015138646792441554,0.0002734846561278033,9.846798818698604e-06,1.0257609288423595e-05
cycle_time,interaction_type,109.8599705696106,0.010940753335250181,-0.0004511427135393357,0.0006318077668235654,6.90119805901765e-05,0.00010448769316709479
cycle_time,accent_match,295.989440202713,0.05794737961842017,-0.0004519906745249121,0.0015369811266029614,0.00018593503526585957,0.0005534160067295032
cycle_time,n_blocked_products,192.773690700531,0.04053761499332976,-0.0005539850176271935,0.000544662958107313,0.00012109683019159478,0.0003871471869767736
cycle_time,prior_contacts_30d,110.6619701385498,0.016173885848504984,-0.0007118549320210832,0.0009434512145617875,6.951578173264899e-05,0.0001544657822065377
cycle_time,work_shift,671.6226801872253,0.07927821097650035,-0.0014069219164838387,0.002104051911346658,0.00042190081727388004,0.0007571322677260008
cycle_time,tenure_days,4124.752572059631,0.4084501694007997,-0.0017701694468191438,0.009326608660947554,0.0025910924877036302,0.0039008297387432816
cycle_time,experience_level,264.55311918258667,0.05968439039994689,-0.0019804987926382487,0.0018570394304886738,0.0001661873258424999,0.0005700050151831839
cycle_time,accepts_marketing,327.2064905166626,0.06427296098581187,-0.0019896002002610658,0.001466904197096888,0.0002055450029290476,0.0006138273316873565
cycle_time,prior_escalations_90d,403.1248154640198,0.1924734745185251,-0.002378559796241575,0.002715329179976614,0.00025323547599708803,0.001838183234010038
cycle_time,document_type,370.0880880355835,0.0740316169714397,-0.003273882567029318,0.001037471280112984,0.000232482421174362,0.000707025617134873
cycle_time,n_loans,272.0298013687134,0.11669033356618727,-0.003482531177904017,0.0028384881435464873,0.00017088403787721642,0.0011144300027262162
cycle_time,n_credit_cards,470.6549997329712,0.14434214614878652,-0.004100034856818979,0.0011006441655136135,0.0002956566758377247,0.0013785136558450233
cycle_time,country,355.0284090042114,0.14976531406231683,-0.004871244788210068,0.005823617649743,0.000223022212222742,0.0014303066437297675
cycle_time,days_since_last_contact,5557.6838183403015,0.7112414904436126,-0.006247918426225851,0.011354416142213036,0.0034912331198433386,0.006792583686329859
cycle_time,agent_specialty,4546.788486480713,0.36070190050195083,-0.008582402064106986,0.01167877780278866,0.0028562075626792807,0.0034448185010263707
cycle_time,gender,814.4380493164062,0.15960722989910528,-0.009363853457230675,0.004760023118076282,0.0005116147634111302,0.0015243000873820833
cycle_time,credit_score,6297.313610076904,0.44656323164878897,-0.011923778381230932,0.006282905718964615,0.003955854733763216,0.004264821671638387
cycle_time,customer_age,3235.3567748069763,0.33752782811904847,-0.01484706469480083,0.003269748207784769,0.0020323906677528116,0.0032234986987806527
cycle_time,wait_time_seconds,5558.636347293854,0.38062938328889406,-0.015877002260324957,0.009836217548189774,0.003491831480732326,0.003635132334382442
